Capital,Country,Latitude,Longitude
Kabul,Afghanistan,34¡28'N,69¡11'E
Tirane,Albania,41¡18'N,19¡49'E
Algiers,Algeria,36¡42'N,03¡08'E
Pago Pago,American Samoa,14¡16'S,170¡43'W
Andorra la Vella,Andorra,42¡31'N,01¡32'E
Luanda,Angola,08¡50'S,13¡15'E
W. Indies,Antigua and Barbuda,17¡20'N,61¡48'W
Buenos Aires,Argentina,36¡30'S,60¡00'W
Yerevan,Armenia,40¡10'N,44¡31'E
Oranjestad,Aruba,12¡32'N,70¡02'W
Canberra,Australia,35¡15'S,149¡08'E
Vienna,Austria,48¡12'N,16¡22'E
Baku,Azerbaijan,40¡29'N,49¡56'E
Nassau,Bahamas,25¡05'N,77¡20'W
Manama,Bahrain,26¡10'N,50¡30'E
Dhaka,Bangladesh,23¡43'N,90¡26'E
Bridgetown,Barbados,13¡05'N,59¡30'W
Minsk,Belarus,53¡52'N,27¡30'E
Brussels,Belgium,50¡51'N,04¡21'E
Belmopan,Belize,17¡18'N,88¡30'W
Porto-Novo (constitutional cotonou) (seat of gvnt),Benin,06¡23'N,02¡42'E
Thimphu,Bhutan,27¡31'N,89¡45'E
La Paz (adm.)/sucre (legislative),Bolivia,16¡20'S,68¡10'W
Sarajevo,Bosnia and Herzegovina,43¡52'N,18¡26'E
Gaborone,Botswana,24¡45'S,25¡57'E
Brasilia,Brazil,15¡47'S,47¡55'W
Road Town,British Virgin Islands,18¡27'N,64¡37'W
Bandar Seri Begawan,Brunei Darussalam,04¡52'N,115¡00'E
Sofia,Bulgaria,42¡45'N,23¡20'E
Ouagadougou,Burkina Faso,12¡15'N,01¡30'W
Bujumbura,Burundi,03¡16'S,29¡18'E
Phnom Penh,Cambodia,11¡33'N,104¡55'E
Yaounde,Cameroon,03¡50'N,11¡35'E
Ottawa,Canada,45¡27'N,75¡42'W
Praia,Cape Verde,15¡02'N,23¡34'W
George Town,Cayman Islands,19¡20'N,81¡24'W
Bangui,Central African Republic,04¡23'N,18¡35'E
N'Djamena,Chad,12¡10'N,14¡59'E
Santiago,Chile,33¡24'S,70¡40'W
Beijing,China,39¡55'N,116¡20'E
Bogota,Colombia,04¡34'N,74¡00'W
Moroni,Comros,11¡40'S,43¡16'E
Brazzaville,Congo,04¡09'S,15¡12'E
San Jose,Costa Rica,09¡55'N,84¡02'W
Yamoussoukro,Cote d'Ivoire,06¡49'N,05¡17'W
Zagreb,Croatia,45¡50'N,15¡58'E
Havana,Cuba,23¡08'N,82¡22'W
Nicosia,Cyprus,35¡10'N,33¡25'E
Prague,Czech Republic,50¡05'N,14¡22'E
P'yongyang,Democratic People's Republic of,39¡09'N,125¡30'E
Kinshasa,Democratic Republic of the Congo,04¡20'S,15¡15'E
Copenhagen,Denmark,55¡41'N,12¡34'E
Djibouti,Djibouti,11¡08'N,42¡20'E
Roseau,Dominica,15¡20'N,61¡24'W
Santo Domingo,Dominica Republic,18¡30'N,69¡59'W
Dili,East Timor,08¡29'S,125¡34'E
Quito,Ecuador,00¡15'S,78¡35'W
Cairo,Egypt,30¡01'N,31¡14'E
San Salvador,El Salvador,13¡40'N,89¡10'W
Malabo,Equatorial Guinea,03¡45'N,08¡50'E
Asmara,Eritrea,15¡19'N,38¡55'E
Tallinn,Estonia,59¡22'N,24¡48'E
Addis Ababa,Ethiopia,09¡02'N,38¡42'E
Stanley,Falkland Islands (Malvinas),51¡40'S,59¡51'W
Torshavn,Faroe Islands,62¡05'N,06¡56'W
Suva,Fiji,18¡06'S,178¡30'E
Helsinki,Finland,60¡15'N,25¡03'E
Paris,France,48¡50'N,02¡20'E
Cayenne,French Guiana,05¡05'N,52¡18'W
Papeete,French Polynesia,17¡32'S,149¡34'W
Libreville,Gabon,00¡25'N,09¡26'E
Banjul,Gambia,13¡28'N,16¡40'W
T'bilisi,Georgia,41¡43'N,44¡50'E
Berlin,Germany,52¡30'N,13¡25'E
Accra,Ghana,05¡35'N,00¡06'W
Athens,Greece,37¡58'N,23¡46'E
Nuuk,Greenland,64¡10'N,51¡35'W
Basse-Terre,Guadeloupe,16¡00'N,61¡44'W
Guatemala,Guatemala,14¡40'N,90¡22'W
St. Peter Port,Guernsey,49¡26'N,02¡33'W
Conakry,Guinea,09¡29'N,13¡49'W
Bissau,Guinea-Bissau,11¡45'N,15¡45'W
Georgetown,Guyana,06¡50'N,58¡12'W
Port-au-Prince,Haiti,18¡40'N,72¡20'W
,Heard Island and McDonald Islands,53¡00'S,74¡00'E
Tegucigalpa,Honduras,14¡05'N,87¡14'W
Budapest,Hungary,47¡29'N,19¡05'E
Reykjavik,Iceland,64¡10'N,21¡57'W
New Delhi,India,28¡37'N,77¡13'E
Jakarta,Indonesia,06¡09'S,106¡49'E
Tehran,Iran (Islamic Republic of),35¡44'N,51¡30'E
Baghdad,Iraq,33¡20'N,44¡30'E
Dublin,Ireland,53¡21'N,06¡15'W
Jerusalem,Israel,31¡47'N,35¡12'E
Rome,Italy,41¡54'N,12¡29'E
Kingston,Jamaica,18¡00'N,76¡50'W
Amman,Jordan,31¡57'N,35¡52'E
Astana,Kazakhstan,51¡10'N,71¡30'E
Nairobi,Kenya,01¡17'S,36¡48'E
Tarawa,Kiribati,01¡30'N,173¡00'E
Kuwait,Kuwait,29¡30'N,48¡00'E
Bishkek,Kyrgyzstan,42¡54'N,74¡46'E
Vientiane,Lao People's Democratic Republic,17¡58'N,102¡36'E
Riga,Latvia,56¡53'N,24¡08'E
Beirut,Lebanon,33¡53'N,35¡31'E
Maseru,Lesotho,29¡18'S,27¡30'E
Monrovia,Liberia,06¡18'N,10¡47'W
Tripoli,Libyan Arab Jamahiriya,32¡49'N,13¡07'E
Vaduz,Liechtenstein,47¡08'N,09¡31'E
Vilnius,Lithuania,54¡38'N,25¡19'E
Luxembourg,Luxembourg,49¡37'N,06¡09'E
Macau,"Macao, China",22¡12'N,113¡33'E
Antananarivo,Madagascar,18¡55'S,47¡31'E
Lilongwe,Malawi,14¡00'S,33¡48'E
Kuala Lumpur,Malaysia,03¡09'N,101¡41'E
Male,Maldives,04¡00'N,73¡28'E
Bamako,Mali,12¡34'N,07¡55'W
Valletta,Malta,35¡54'N,14¡31'E
Fort-de-France,Martinique,14¡36'N,61¡02'W
Nouakchott,Mauritania,20¡10'S,57¡30'E
Mamoudzou,Mayotte,12¡48'S,45¡14'E
Mexico,Mexico,19¡20'N,99¡10'W
Palikir,Micronesia (Federated States of),06¡55'N,158¡09'E
Chisinau,"Moldova, Republic of",47¡02'N,28¡50'E
Maputo,Mozambique,25¡58'S,32¡32'E
Yangon,Myanmar,16¡45'N,96¡20'E
Windhoek,Namibia,22¡35'S,17¡04'E
Kathmandu,Nepal,27¡45'N,85¡20'E
Amsterdam/The Hague (seat of Gvnt),Netherlands,52¡23'N,04¡54'E
Willemstad,Netherlands Antilles,12¡05'N,69¡00'W
Noumea,New Caledonia,22¡17'S,166¡30'E
Wellington,New Zealand,41¡19'S,174¡46'E
Managua,Nicaragua,12¡06'N,86¡20'W
Niamey,Niger,13¡27'N,02¡06'E
Abuja,Nigeria,09¡05'N,07¡32'E
Kingston,Norfolk Island,45¡20'S,168¡43'E
Saipan,Northern Mariana Islands,15¡12'N,145¡45'E
Oslo,Norway,59¡55'N,10¡45'E
Masqat,Oman,23¡37'N,58¡36'E
Islamabad,Pakistan,33¡40'N,73¡10'E
Koror,Palau,07¡20'N,134¡28'E
Panama,Panama,09¡00'N,79¡25'W
Port Moresby,Papua New Guinea,09¡24'S,147¡08'E
Asuncion,Paraguay,25¡10'S,57¡30'W
Lima,Peru,12¡00'S,77¡00'W
Manila,Philippines,14¡40'N,121¡03'E
Warsaw,Poland,52¡13'N,21¡00'E
Lisbon,Portugal,38¡42'N,09¡10'W
San Juan,Puerto Rico,18¡28'N,66¡07'W
Doha,Qatar,25¡15'N,51¡35'E
Seoul,Republic of Korea,37¡31'N,126¡58'E
Bucuresti,Romania,44¡27'N,26¡10'E
Moskva,Russian Federation,55¡45'N,37¡35'E
Kigali,Rawanda,01¡59'S,30¡04'E
Basseterre,Saint Kitts and Nevis,17¡17'N,62¡43'W
Castries,Saint Lucia,14¡02'N,60¡58'W
Saint-Pierre,Saint Pierre and Miquelon,46¡46'N,56¡12'W
Kingstown,Saint vincent and the Grenadines,13¡10'N,61¡10'W
Apia,Samoa,13¡50'S,171¡50'W
San Marino,San Marino,43¡55'N,12¡30'E
Sao Tome,Sao Tome and Principe,00¡10'N,06¡39'E
Riyadh,Saudi Arabia,24¡41'N,46¡42'E
Dakar,Senegal,14¡34'N,17¡29'W
Freetown,Sierra Leone,08¡30'N,13¡17'W
Bratislava,Slovakia,48¡10'N,17¡07'E
Ljubljana,Slovenia,46¡04'N,14¡33'E
Honiara,Solomon Islands,09¡27'S,159¡57'E
Mogadishu,Somalia,02¡02'N,45¡25'E
Pretoria (adm.) / Cap Town (Legislative) / Bloemfontein (Judicial),South Africa,25¡44'S,28¡12'E
Madrid,Spain,40¡25'N,03¡45'W
Khartoum,Sudan,15¡31'N,32¡35'E
Paramaribo,Suriname,05¡50'N,55¡10'W
Mbabane (Adm.),Swaziland,26¡18'S,31¡06'E
Stockholm,Sweden,59¡20'N,18¡03'E
Bern,Switzerland,46¡57'N,07¡28'E
Damascus,Syrian Arab Republic,33¡30'N,36¡18'E
Dushanbe,Tajikistan,38¡33'N,68¡48'E
Bangkok,Thailand,13¡45'N,100¡35'E
Skopje,The Former Yugoslav Republic of Macedonia,42¡01'N,21¡26'E
Lome,Togo,06¡09'N,01¡20'E
Nuku'alofa,Tonga,21¡10'S,174¡00'W
Tunis,Tunisia,36¡50'N,10¡11'E
Ankara,Turkey,39¡57'N,32¡54'E
Ashgabat,Turkmenistan,38¡00'N,57¡50'E
Funafuti,Tuvalu,08¡31'S,179¡13'E
Kampala,Uganda,00¡20'N,32¡30'E
Kiev (Rus),Ukraine,50¡30'N,30¡28'E
Abu Dhabi,United Arab Emirates,24¡28'N,54¡22'E
London,United Kingdom of Great Britain and Northern Ireland,51¡36'N,00¡05'W
Dodoma,United Republic of Tanzania,06¡08'S,35¡45'E
Washington DC,United States of America,39¡91'N,77¡02'W
Charlotte Amalie,United States of Virgin Islands,18¡21'N,64¡56'W
Montevideo,Uruguay,34¡50'S,56¡11'W
Tashkent,Uzbekistan,41¡20'N,69¡10'E
Port-Vila,Vanuatu,17¡45'S,168¡18'E
Caracas,Venezuela,10¡30'N,66¡55'W
Hanoi,Viet Nam,21¡05'N,105¡55'E
Belgrade,Yugoslavia,44¡50'N,20¡37'E
Lusaka,Zambia,15¡28'S,28¡16'E
Harare,Zimbabwe,17¡43'S,31¡02'E
